example_id,split,domain,language,prompt_language,response_language,task_type,difficulty,provenance_type,source_name,source_url,prompt,response,arabic_character_count_prompt,arabic_character_count_response,arabic_ratio_prompt,arabic_ratio_response,language_contract_passed,content_sha256,integrity_flags,reviewer_name,reviewer_experience,review_date,accuracy_score,fluency_score,gcc_appropriateness_score,domain_terminology_score,factuality_score,verdict,corrected_wording,rejection_reason,comments
seed4b-valid-0001,valid,islamic_finance,en,en,en,regulatory_explanation,advanced,SOURCE_DEPENDENT_FACTUAL,IFSB Islamic Financial Services Industry Stability Report,https://www.ifsb.org/stability-report/,"How does the IFSB approach liquidity risk management for Islamic banks, and why do conventional tools require adaptation?","The IFSB has issued IFSB-12, the Guiding Principles on Liquidity Risk Management for Institutions Offering Islamic Financial Services. Conventional liquidity management tools require adaptation because Islamic banks cannot hold or issue interest-bearing instruments to manage short-term liquidity. Key adaptations include: (1) Sharia-compliant high-quality liquid assets (HQLA) such as sovereign sukuk and central bank commodity murabaha facilities replace conventional government bonds. (2) Interbank liquidity is managed through commodity murabaha or wakala structures rather than conventional overnight lending. (3) The liquidity coverage ratio (LCR) and net stable funding ratio (NSFR) are adapted to reflect the different maturity profiles of Islamic financing modes. Specific current requirements should be verified against the latest IFSB standards and applicable central bank regulations.",0,0,0.0,0.0,True,192a9dde69c174c9104bbdb867492f5e35b13de6bcb516d4bf1d171778175bea,OK,,,,,,,,,,,,
seed4b-valid-0009,valid,islamic_finance,en,en,en,executive_briefing,intermediate,SOURCE_DEPENDENT_FACTUAL,IFSB Islamic Financial Services Industry Stability Report,https://www.ifsb.org/stability-report/,Provide a brief executive briefing on the global Sukuk market and its key growth drivers.,"The global Sukuk market has grown significantly over the past decade, driven by three primary factors: (1) Government financing needs: GCC and Southeast Asian governments have increasingly used Sukuk to finance budget deficits and infrastructure projects in a Sharia-compliant manner, broadening the investor base. (2) Infrastructure financing: Large-scale infrastructure projects in the GCC, Malaysia, and Turkey have used Sukuk structures to access Islamic capital markets. (3) ESG and green Sukuk: The alignment between Islamic finance principles and environmental, social, and governance (ESG) objectives has driven issuance of green and sustainability Sukuk. Accurate current issuance volumes should be verified against the latest IFSB Islamic Financial Services Industry Stability Report.",0,0,0.0,0.0,True,4937cfce61e35049f74564a7333ff4572eb8ab07085e948c13c809f9afb260de,OK,,,,,,,,,,,,
seed4b-valid-0011,valid,gcc_banking,ar,ar,ar,document_summarization,intermediate,SOURCE_DEPENDENT_FACTUAL,Central Bank of Kuwait Annual Report,https://www.cbk.gov.kw/en/statistics-and-publications/publications/annual-reports,وفق التقارير السنوية لبنك الكويت المركزي، ما المؤشرات الرئيسية لسلامة القطاع المصرفي الكويتي؟,يُصدر بنك الكويت المركزي تقارير دورية تتضمن أربع فئات رئيسية من مؤشرات السلامة المالية: أولاً: مؤشرات كفاية رأس المال — تشمل نسبة رأس المال الإجمالي إلى الأصول المرجحة بالمخاطر. ثانياً: مؤشرات جودة الأصول — تشمل نسبة القروض المتعثرة إلى إجمالي القروض ومعدلات التغطية. ثالثاً: مؤشرات السيولة — تشمل نسبة الأصول السائلة إلى إجمالي الأصول. رابعاً: مؤشرات الربحية — تشمل العائد على الأصول والعائد على حقوق الملكية. تتغير هذه المؤشرات سنوياً ويجب التحقق منها من المصدر الرسمي على موقع البنك المركزي.,81,401,1.0,0.9663,True,721244b99f8f33425e6e26630784c2fd72c59d4a11dd19b58a7d72d011ea7896,OK,,,,,,,,,,,,
seed4b-train-0044,train,government_regulation,ar-en,en,ar-en,arabic_english_translation,intermediate,TRANSLATION_OR_CORRESPONDENCE,AgenThink Internal,https://github.com/agenthinkai/jupiter-shot,Translate the regulatory term 'Regulatory Sandbox' into Arabic and explain how it works in the GCC context.,"الترجمة: البيئة التنظيمية التجريبية (أو الحاضنة التنظيمية).

الشرح بالعربية: إطار تنظيمي يُتيح للشركات المبتكرة اختبار منتجاتها وخدماتها في بيئة محكومة تحت إشراف الجهة التنظيمية، مع تخفيف بعض الاشتراطات التنظيمية لفترة زمنية محددة.

English explanation: A regulatory sandbox is a framework allowing innovators to test products and services in a controlled environment under regulatory supervision, with some standard requirements relaxed for a defined period to encourage innovation. Several GCC regulators including the CBK, SAMA, and CBUAE have established sandbox programmes for fintech companies.",0,193,0.0,0.3704,True,4c71aee7d84586b4f6a1cc4fdcf552c16d39743f0fdffe58f94e290595ed83fb,OK,,,,,,,,,,,,
seed4b-train-0032,train,telecommunications,en,en,en,regulatory_explanation,intermediate,PUBLIC_RULE_SUMMARY,CITRA Kuwait,https://www.citra.gov.kw/,What are the key regulatory obligations for mobile network operators in Kuwait under CITRA?,"Mobile network operators in Kuwait are regulated by the Communications and Information Technology Regulatory Authority (CITRA). Key obligations include: (1) Obtaining and maintaining valid spectrum licences for each frequency band used; (2) Meeting published Quality of Service (QoS) benchmarks for network availability, call drop rates, and data speeds; (3) Complying with lawful interception requirements to support law enforcement; (4) Adhering to number portability regulations enabling subscribers to retain their numbers when switching operators; and (5) Meeting local content and Kuwaitisation employment commitments. Specific current requirements should be verified against CITRA's published regulations.",0,0,0.0,0.0,True,c0ee9c1e19c10aeed2838d51f4c95a0aa8731eb9def20dc32ef9ff373d7f920d,OK,,,,,,,,,,,,
seed4b-train-0063,train,arabic_english_correspondence,ar,ar,ar,document_summarization,basic,TRANSLATION_OR_CORRESPONDENCE,AgenThink Internal,https://github.com/agenthinkai/jupiter-shot,لخّص العناصر الرئيسية التي يجب أن تتضمنها رسالة عمل رسمية تطلب تمديد موعد تسليم مشروع.,رسالة العمل الرسمية لطلب تمديد الموعد يجب أن تتضمن أربعة عناصر رئيسية: أولاً: الإشارة الواضحة إلى المشروع ورقم المرجع والموعد الأصلي للتسليم. ثانياً: الموعد الجديد المقترح مع الالتزام الصريح بالتسليم في هذا الموعد. ثالثاً: توضيح الأسباب الموضوعية للتأخير بصورة مختصرة وصادقة دون مبالغة. رابعاً: إرفاق خطة عمل معدّلة توضح الخطوات المتبقية والجدول الزمني المحدّث. يُستحسن تقديم الطلب مبكراً قبل الموعد الأصلي لإتاحة الوقت الكافي للمراجعة.,71,362,0.9861,0.9731,True,46bd69e36ce458d5cf33feae61d7af953804903f8b014607db214513792b1be8,OK,,,,,,,,,,,,
seed4b-train-0009,train,islamic_finance,ar-en,en,ar-en,arabic_english_translation,basic,TRANSLATION_OR_CORRESPONDENCE,AgenThink Internal,https://github.com/agenthinkai/jupiter-shot,Translate the Islamic finance term 'Sukuk' into Arabic and explain the key difference from conventional bonds.,"الترجمة: صكوك.

التعريف بالعربية: الصكوك أدوات استثمارية إسلامية تمثّل حصصاً في ملكية أصول أو مشاريع حقيقية، ويحصل حاملها على عائد مرتبط بأداء هذه الأصول لا على فائدة ثابتة.

Key difference from conventional bonds: Sukuk represent ownership in underlying assets or usufruct rights, whereas conventional bonds represent debt obligations. Sukuk returns are derived from asset performance or rental income, not predetermined interest. This asset-backing requirement is the fundamental Sharia distinction.",0,141,0.0,0.3241,True,c7b1e7a8b2236201bb3f63f90b1d6667a1411bebe0561226c9875e20f3694851,OK,,,,,,,,,,,,
seed4b-train-0066,train,arabic_english_correspondence,ar,ar,ar,refusal_missing_info,basic,SAFETY_OR_REFUSAL,AgenThink Internal,https://github.com/agenthinkai/jupiter-shot,هل يمكنك كتابة رسالة رسمية نيابةً عني دون أن تعرف تفاصيل الموضوع أو الجهة المُرسَل إليها؟,لا يمكنني كتابة رسالة رسمية فعّالة دون معرفة التفاصيل الأساسية. أحتاج على الأقل إلى: أولاً: الغرض من الرسالة والهدف المطلوب تحقيقه. ثانياً: الجهة المُرسَل إليها ومسمى المسؤول المعني وعنوانه. ثالثاً: الموضوع الرئيسي والنقاط التي تودّ إيصالها. رابعاً: أي معلومات خلفية أو مرفقات ذات صلة تُعزز الرسالة. يُرجى تزويدي بهذه المعلومات لأتمكن من صياغة رسالة مناسبة وملائمة للسياق.,74,305,1.0,0.9652,True,1fd9b8075df603fafd86fefc013beb5f81a4f27564ebd9e44417f63598ae0086,OK,,,,,,,,,,,,
seed4b-train-0030,train,gcc_banking,ar,ar,ar,structured_extraction,intermediate,ORIGINAL_SCENARIO,AgenThink Internal,https://github.com/agenthinkai/jupiter-shot,"استخرج المعلومات الرئيسية من ملخص التقرير الائتماني الافتراضي التالي:
الشركة: مجموعة الخليج للصناعات (افتراضية). إجمالي الأصول: 450 مليون دولار. نسبة الدين إلى حقوق الملكية: 1.8. التصنيف الائتماني: BBB. صافي الربح: 22 مليون دولار.","| البند | القيمة |
|---|---|
| اسم الشركة | مجموعة الخليج للصناعات (افتراضية) |
| إجمالي الأصول | 450 مليون دولار |
| نسبة الدين إلى حقوق الملكية | 1.8 |
| التصنيف الائتماني | BBB |
| صافي الربح | 22 مليون دولار |

ملاحظة: الشركة افتراضية لأغراض التدريب فقط.",174,164,0.8744,0.7664,True,95e8518c1d54da2ba11ac8e5432d1a9ed81e662dd0eda0504b65ab8e8cc974f1,OK,,,,,,,,,,,,
seed4b-train-0001,train,islamic_finance,ar,ar,ar,islamic_finance_terminology,basic,PUBLIC_RULE_SUMMARY,AAOIFI,https://aaoifi.com/,ما تعريف عقد المشاركة في التمويل الإسلامي وكيف تُوزَّع الأرباح والخسائر؟,المشاركة عقد شراكة بين طرفين أو أكثر يُقدّم كل منهم رأس مال، ويُوزَّع الربح وفق نسبة متفق عليها. أما الخسارة فتُوزَّع بنسبة رأس المال المُقدَّم من كل شريك دون استثناء. يختلف هذا العقد عن المضاربة في أن جميع الشركاء يُقدّمون رأس المال، بينما في المضاربة يُقدّم رب المال رأس المال وحده ويُقدّم المضارب العمل.,62,250,1.0,0.9881,True,5ce680f0e00e221df173c987f5a4d61373ec87a3ef9a8201b5fab601e13aff06,OK,,,,,,,,,,,,
seed4b-valid-0010,valid,gcc_banking,en,en,en,regulatory_explanation,intermediate,PUBLIC_RULE_SUMMARY,Basel Committee on Banking Supervision,https://www.bis.org/bcbs/,Explain the Net Stable Funding Ratio (NSFR) under Basel III and why it differs from the Liquidity Coverage Ratio.,"The Net Stable Funding Ratio (NSFR) measures a bank's ability to fund its activities with stable sources of funding over a one-year horizon. The NSFR is calculated as Available Stable Funding (ASF) divided by Required Stable Funding (RSF), and must be at least 100%. ASF includes equity, long-term liabilities, and stable retail deposits. RSF includes illiquid assets, long-term loans, and off-balance-sheet commitments. The NSFR differs from the Liquidity Coverage Ratio (LCR) in time horizon: the LCR measures the ability to survive a 30-day stress scenario using high-quality liquid assets, while the NSFR addresses structural funding mismatches over one year. Both ratios are part of the Basel III liquidity framework.",0,0,0.0,0.0,True,0427d06b136006a2a8143c7b9f859f1272ba47d99f03d81556241ebcf8c0e560,OK,,,,,,,,,,,,
seed4b-train-0015,train,islamic_finance,ar,ar,ar,regulatory_explanation,intermediate,PUBLIC_RULE_SUMMARY,Central Bank of Kuwait,https://www.cbk.gov.kw/,ما الإطار التنظيمي الذي يحكم البنوك الإسلامية في الكويت وما أبرز متطلباته؟,تخضع البنوك الإسلامية في الكويت لإشراف بنك الكويت المركزي وفق قانون تنظيم البنوك الإسلامية. يُلزم الإطار التنظيمي البنوكَ بتشكيل هيئات رقابة شرعية مستقلة لا تقل عن ثلاثة أعضاء مؤهلين، والالتزام بمعايير أيوفي أو المعايير المحلية المعتمدة من البنك المركزي. يشترط الإطار أيضاً الإفصاح الدوري عن الأداء الشرعي في التقارير السنوية. يُنصح بمراجعة أحدث التعاميم الصادرة عن البنك المركزي للتحقق من المتطلبات الحالية.,63,343,1.0,0.9885,True,ee12e43c792ba900eb4ae039044cd32debc53595674e8537dadbecee4440a638,OK,,,,,,,,,,,,
seed4b-valid-0005,valid,islamic_finance,ar,ar,ar,document_summarization,intermediate,PUBLIC_RULE_SUMMARY,AAOIFI,https://aaoifi.com/,لخّص المبادئ الأساسية للتأمين التكافلي وفق معايير هيئة أيوفي.,تُحدّد معايير أيوفي للتأمين التكافلي ثلاثة مبادئ جوهرية: أولاً: التبرع (Tabarru) — يُودع كل مشترك جزءاً من قسطه في صندوق التبرع المشترك لتغطية الأضرار. ثانياً: نماذج إدارة الصندوق — تُجيز أيوفي ثلاثة نماذج: الوكالة حيث يتقاضى المشغّل رسوماً ثابتة، والمضاربة حيث يُشارك في الأرباح، والنموذج الهجين الجامع بينهما. ثالثاً: توزيع الفائض — يُوزَّع الفائض في صندوق التبرع على المشتركين وفق السياسة المعتمدة، ولا يجوز للمشغّل الاستئثار به. يُنصح بمراجعة المعيار الكامل والهيئة الشرعية للتطبيق الفعلي.,52,398,0.9811,0.9499,True,21375651c576379e1337d6ee07f31389d6341a6b876b63608bd40575efdd5215,OK,,,,,,,,,,,,
seed4b-train-0010,train,islamic_finance,ar-en,en,ar-en,arabic_english_translation,intermediate,TRANSLATION_OR_CORRESPONDENCE,AgenThink Internal,https://github.com/agenthinkai/jupiter-shot,Translate 'Takaful' into Arabic and explain the three elements of conventional insurance that it avoids.,"الترجمة: تكافل.

التعريف بالعربية: التكافل نظام تأمين إسلامي يقوم على مبدأ التبرع والتعاون المتبادل بين المشتركين، إذ يُودع كل مشترك جزءاً من قسطه في صندوق مشترك لتغطية الأضرار.

The three prohibited elements avoided by Takaful:
1. Riba (interest): Takaful funds are invested in Sharia-compliant assets only.
2. Gharar (excessive uncertainty): The tabarru (donation) structure replaces the uncertain exchange of conventional insurance.
3. Maysir (gambling): Participants contribute to a mutual fund rather than wagering on uncertain events for profit.",0,145,0.0,0.3027,True,5b84fe01ac489d32000bdab466b11c468f402bcdf73986ea0338e659265c5353,OK,,,,,,,,,,,,
seed4b-eval-0016,eval,arabic_english_correspondence,ar,ar,ar,refusal_missing_info,basic,SAFETY_OR_REFUSAL,AgenThink Internal,https://github.com/agenthinkai/jupiter-shot,هل يمكنك ترجمة وثيقتي إلى الإنجليزية دون أن أُرسل لك النص؟,لا يمكنني إجراء أي ترجمة دون الاطلاع على النص الأصلي. لتقديم ترجمة دقيقة وملائمة، أحتاج إلى: أولاً: النص الكامل للوثيقة المراد ترجمتها. ثانياً: اللغة المستهدفة (الإنجليزية في هذه الحالة). ثالثاً: مستوى الرسمية المطلوب (رسمي، قانوني، تجاري، أو عام). رابعاً: الغرض من الترجمة حتى أتمكن من اختيار المصطلحات الأنسب للسياق. يُرجى إرسال النص وسأبدأ العمل فوراً.,48,286,1.0,0.9502,True,07dbad4aee88552f4bc820af85d9a718c44acf0ca885f3fc40b2c6a055af2ad7,OK,,,,,,,,,,,,
seed4b-train-0042,train,government_regulation,en,en,en,risk_identification,advanced,ORIGINAL_SCENARIO,AgenThink Internal,https://github.com/agenthinkai/jupiter-shot,What are the key regulatory risks for a fictional foreign company establishing a branch in Kuwait?,"Key regulatory risks for a fictional foreign company entering Kuwait: (1) Commercial agency requirements: Certain commercial activities require a Kuwaiti commercial agent, which creates dependency and potential conflicts of interest. (2) Foreign ownership restrictions: Some sectors restrict or prohibit foreign equity participation, requiring joint venture structures with Kuwaiti partners. (3) Labour nationalisation quotas: Companies must meet prescribed Kuwaiti employee ratios (Kuwaitisation), which can constrain hiring flexibility. (4) Regulatory approval timelines: Licensing processes can be lengthy and unpredictable, delaying market entry. (5) Dispute resolution: Commercial disputes may be subject to Kuwaiti courts unless international arbitration is explicitly agreed in contracts. Legal counsel familiar with Kuwaiti commercial law should be engaged before market entry. Note: This analysis uses a fictional company for training purposes.",0,0,0.0,0.0,True,390aba257a113660e0ba704157d4c0694a7f9b050d26f9264e9519f628dc41c9,OK,,,,,,,,,,,,
seed4b-train-0055,train,executive_decision,ar,ar,ar,objection_handling,intermediate,ORIGINAL_SCENARIO,AgenThink Internal,https://github.com/agenthinkai/jupiter-shot,كيف يمكن الرد على اعتراض أحد أعضاء مجلس الإدارة بأن الاستثمار في الذكاء الاصطناعي مكلف للغاية؟,يمكن معالجة هذا الاعتراض المشروع من خلال أربعة محاور: أولاً: التمييز بين تكاليف تدريب النماذج الكبرى وتكاليف تبني حلول الذكاء الاصطناعي الجاهزة الأكثر اقتصادية والمتاحة بنماذج اشتراك. ثانياً: تقديم حالات استخدام محددة مع تقدير عائد الاستثمار المتوقع وفق معطيات الشركة الفعلية. ثالثاً: اقتراح نهج تدريجي يبدأ بمشاريع تجريبية محدودة التكلفة لإثبات القيمة قبل التوسع. رابعاً: الإشارة إلى تكلفة عدم الاستثمار في ظل تنامي اعتماد المنافسين على هذه التقنيات، مما قد يُؤدي إلى فجوة تنافسية يصعب تضييقها لاحقاً. ملاحظة: هذا سيناريو افتراضي لأغراض التدريب.,79,453,1.0,0.9763,True,dd27a7b3d658ec530545666dd8051e30b2cde9127a6229e99f8a2516487fa41d,OK,,,,,,,,,,,,
seed4b-train-0041,train,government_regulation,ar,ar,ar,question_answering,basic,PUBLIC_RULE_SUMMARY,Kuwait Audit Bureau,https://www.audit.gov.kw/,ما دور ديوان المحاسبة في الكويت وما صلاحياته الرقابية على الإنفاق العام؟,ديوان المحاسبة في الكويت هو الجهاز الرقابي المالي الأعلى في الدولة، ويختص بمراجعة الحسابات الختامية للجهات الحكومية والتحقق من صحة الإنفاق العام ومدى مطابقته للقوانين. يرفع الديوان تقاريره السنوية إلى مجلس الأمة مباشرةً، مما يُعزز استقلاليته عن السلطة التنفيذية. يُسهم الديوان في تعزيز الشفافية والمساءلة في إدارة المال العام من خلال تدقيق العقود الحكومية الكبرى. تستند هذه المعلومات إلى البيانات المتاحة للعموم ولا تُعدّ تفسيراً قانونياً رسمياً.,61,376,1.0,0.9895,True,76c224ee15be2033eeea5a510ea2c0876b9442b98fff48799a198f3c95962668,OK,,,,,,,,,,,,
seed4b-train-0049,train,energy_logistics,ar,ar,ar,document_summarization,intermediate,PUBLIC_RULE_SUMMARY,GCC Ports Authorities,https://www.moci.gov.kw/,لخّص أهمية الموانئ الخليجية الكبرى في سلاسل الإمداد الإقليمية والدولية.,تُشكّل الموانئ الخليجية الكبرى عقداً محورية في سلاسل الإمداد الإقليمية والدولية. يتصدّر ميناء جبل علي في دبي هذه الموانئ بوصفه أكبر ميناء في الشرق الأوسط وأفريقيا. تُوفر هذه الموانئ ثلاث وظائف رئيسية: أولاً: خدمات اللوجستيات المتكاملة بما تشمل التخزين والتوزيع وإعادة التصدير. ثانياً: المناطق الحرة التي تُقدّم إعفاءات جمركية وضريبية لجذب الاستثمار. ثالثاً: ربط الممرات التجارية بين آسيا وأفريقيا وأوروبا. تستند هذه المعلومات إلى بيانات متاحة للعموم.,61,374,0.9839,0.974,True,3ee897f60f93c136714be0b2b889594ca434ebc8cbd9bff14703f17fad04a995,OK,,,,,,,,,,,,
seed4b-eval-0011,eval,executive_decision,ar,ar,ar,question_answering,intermediate,ORIGINAL_SCENARIO,AgenThink Internal,https://github.com/agenthinkai/jupiter-shot,ما الاعتبارات الرئيسية لمعايير الحوكمة والمسؤولية الاجتماعية والبيئية (ESG) لشركة كويتية مدرجة افتراضية؟,تشمل الاعتبارات الرئيسية لمعايير ESG لشركة كويتية مدرجة افتراضية ثلاثة أبعاد: أولاً: البُعد البيئي — الإفصاح عن بصمة الكربون واستهلاك الطاقة والمياه، والالتزام بالمعايير البيئية المحلية والدولية. ثانياً: البُعد الاجتماعي — تطبيق سياسات عادلة في التوظيف والتدريب والسلامة المهنية، والمساهمة في برامج المسؤولية الاجتماعية المجتمعية. ثالثاً: بُعد الحوكمة — الالتزام بمعايير الحوكمة الصادرة عن هيئة أسواق المال الكويتية، بما تشمل استقلالية مجلس الإدارة وسياسات مكافحة الفساد والإفصاح المالي. ملاحظة: هذا سيناريو افتراضي لأغراض التدريب.,87,443,0.9457,0.9672,True,b1426bd22741fc8e43b0619f17208859c7865e5dd936ff1f8a798257214d2d17,OK,,,,,,,,,,,,
seed4b-valid-0006,valid,islamic_finance,ar-en,en,ar,structured_extraction,advanced,ORIGINAL_SCENARIO,AgenThink Internal,https://github.com/agenthinkai/jupiter-shot,"Extract the key risk factors from this fictional Mudaraba fund prospectus:
Fund: Gulf Mudaraba Growth Fund (fictional). Manager: Al Noor AM (fictional). Capital: USD 100M. Horizon: 5 years. Target return: 8-12% per annum.","| عامل المخاطرة / Risk Factor | الوصف / Description |
|---|---|
| تقلبات السوق / Market volatility | العوائد تعتمد على أداء الأصول الأساسية ولا يوجد ضمان |
| مخاطر الامتثال الشرعي / Sharia compliance | قد تُطعن في الهيكل تفسيرات فقهية مختلفة |
| أداء المضارب / Manager performance | العوائد تعتمد على مهارة وحكم المضارب |
| خسارة رأس المال / Capital loss | الخسارة المالية تقع على رب المال في المضاربة |
| مخاطر السيولة / Liquidity risk | أجل 5 سنوات يُقيّد خيارات الخروج المبكر |

Note: All entities are fictional and for training purposes only.",0,260,0.0,0.574,True,c187324b8fbff4dcc2285033068cf1b5462e423e41b9d3f819c43516e81580f6,OK,,,,,,,,,,,,
seed4b-train-0056,train,executive_decision,en,en,en,request_for_clarification,basic,SAFETY_OR_REFUSAL,AgenThink Internal,https://github.com/agenthinkai/jupiter-shot,Should our company invest in the GCC market?,"To provide a meaningful analysis, I need additional context: (1) What is your company's industry and current geographic footprint? (2) Which specific GCC country or countries are you considering? (3) What is the investment horizon and capital available? (4) Are you considering organic entry, partnership, or acquisition? (5) What is the primary strategic objective — revenue growth, cost optimisation, or geographic diversification? With these details, I can offer a more targeted and useful assessment.",0,0,0.0,0.0,True,00042a753d344782cd1ca09a972851a48a42351071da21a5b27e589830f05d30,OK,,,,,,,,,,,,
seed4b-train-0058,train,executive_decision,en,en,en,hallucination_resistance,intermediate,SAFETY_OR_REFUSAL,AgenThink Internal,https://github.com/agenthinkai/jupiter-shot,What was the exact GDP growth rate of Kuwait in 2024?,"I do not have access to verified final GDP figures for Kuwait for 2024. Economic statistics are typically revised after initial publication and final figures may differ from preliminary estimates. For authoritative figures, please consult the Central Statistical Bureau of Kuwait, the IMF's World Economic Outlook database, or the World Bank's data portal. Providing an invented GDP figure could mislead economic or investment analysis.",0,0,0.0,0.0,True,491ec517c0e352bbb6683c69b722f15a95655a6a545df66ba2db7ad1c9c279df,OK,,,,,,,,,,,,
seed4b-train-0021,train,islamic_finance,en,en,en,objection_handling,intermediate,ORIGINAL_SCENARIO,AgenThink Internal,https://github.com/agenthinkai/jupiter-shot,A client argues that Islamic finance products are just conventional loans with different names. How should a banker respond to this objection?,"This objection reflects a common misconception. The structural differences are material and legally significant. First, in Murabaha the bank genuinely owns the asset before selling it to the client, creating real commodity risk that does not exist in a conventional loan. Second, in Musharaka and Mudaraba the bank shares in business risk; conventional loans transfer all risk to the borrower regardless of outcome. Third, Islamic finance prohibits riba — a fixed predetermined return on money — requiring profit to be tied to real economic activity or asset performance. Fourth, Sharia board oversight provides an independent governance layer that reviews every product structure, which has no equivalent in conventional banking. These differences are not cosmetic; they affect legal rights, risk allocation, and the economic substance of the transaction.",0,0,0.0,0.0,True,2e4b8398653809d8ec61f5d178b45758b0a65dc5947fd840e1c803183272eec8,OK,,,,,,,,,,,,
seed4b-train-0033,train,telecommunications,ar,ar,ar,question_answering,basic,PUBLIC_RULE_SUMMARY,ITU,https://www.itu.int/,ما المقصود بجودة الخدمة في شبكات الاتصالات وما مؤشراتها التقنية الرئيسية؟,جودة الخدمة (QoS) في شبكات الاتصالات هي مجموعة من المعايير التقنية التي تضمن أداء الشبكة وفق مستويات محددة. تشمل مؤشراتها الرئيسية: أولاً: زمن الاستجابة (Latency) — الوقت المستغرق لانتقال البيانات من المُرسِل إلى المُستقبِل. ثانياً: معدل فقدان الحزم (Packet Loss) — نسبة الحزم التي لا تصل إلى وجهتها. ثالثاً: عرض النطاق الترددي (Bandwidth) — الحد الأقصى لمعدل نقل البيانات. رابعاً: التذبذب (Jitter) — التفاوت في زمن وصول الحزم المتتالية، وهو مختلف عن زمن الاستجابة.,63,333,1.0,0.8495,True,97d854850f8645736dd76bc600eb479a850ce4fd87fc27c2a2095c196b45d3fe,OK,,,,,,,,,,,,
seed4b-valid-0012,valid,gcc_banking,ar-en,en,ar-en,formal_correspondence,intermediate,TRANSLATION_OR_CORRESPONDENCE,AgenThink Internal,https://github.com/agenthinkai/jupiter-shot,Draft a short bilingual (Arabic and English) executive summary template for a bank's annual financial results announcement.,"AR: ملخص تنفيذي — النتائج المالية السنوية
حقق [اسم البنك] خلال العام المالي المنتهي في [التاريخ] نتائج إيجابية، إذ بلغ صافي الربح [المبلغ]، وارتفعت نسبة كفاية رأس المال إلى [النسبة]%، مع الحفاظ على نسبة قروض متعثرة منخفضة بلغت [النسبة]%.

EN: Executive Summary — Annual Financial Results
[Bank Name] delivered positive results for the financial year ended [Date], with net profit of [Amount], a capital adequacy ratio of [Rate]%, and a non-performing loan ratio of [Rate]%.

Note: Bracketed fields are placeholders; this is a training template only.",0,182,0.0,0.3889,True,aa53e54d1c3954435b27c7634e471670750dec5d5d55dfea13564e7bab79698b,OK,,,,,,,,,,,,
seed4b-train-0065,train,arabic_english_correspondence,en,en,en,objection_handling,intermediate,ORIGINAL_SCENARIO,AgenThink Internal,https://github.com/agenthinkai/jupiter-shot,How should a GCC executive respond in writing to a client complaint about service delays?,"An effective written response to a service delay complaint should follow five steps: (1) Acknowledge the delay promptly and without deflection or minimisation. (2) Express a sincere apology for the inconvenience caused to the client. (3) Provide a factual, concise explanation of the root cause without excessive technical detail. (4) State the specific corrective actions taken or planned, with realistic timelines. (5) Offer a concrete remedy if appropriate, and reaffirm the commitment to service quality. The tone should be professional, empathetic, and solution-focused throughout. Note: This guidance uses a fictional scenario for training purposes.",0,0,0.0,0.0,True,f84eb7c92e20acfe5370e3f0d279b1d735d7ba90d214592f12886bc099836873,OK,,,,,,,,,,,,
seed4b-train-0052,train,executive_decision,en,en,en,decision_comparison,advanced,ORIGINAL_SCENARIO,AgenThink Internal,https://github.com/agenthinkai/jupiter-shot,Compare organic growth versus acquisition as growth strategies for a fictional GCC financial services firm with available capital.,"Organic growth preserves cultural coherence and avoids integration risk, but is slower and may not achieve the scale required to compete with established regional players. Acquisition accelerates market entry and capability acquisition but introduces integration complexity, cultural misalignment risk, and valuation risk — particularly in GCC markets where quality targets are scarce and pricing can be elevated. Key considerations for the fictional firm: (1) If the strategic objective is speed to market, acquisition is preferable provided rigorous due diligence is conducted and synergies are quantified before signing. (2) If cultural fit and brand consistency are priorities, organic growth with selective talent acquisition may be more appropriate. (3) A hybrid approach — organic growth supplemented by acqui-hires of specialist teams — can balance speed and cultural risk. The optimal path depends on the firm's capital position, risk appetite, and timeline. Note: This analysis uses a fictional firm for training purposes.",0,0,0.0,0.0,True,1143d4fe9f7db0639a5ea69a91ae6d5cbe4f5ab9654cb344abbc767a461e317e,OK,,,,,,,,,,,,
seed4b-eval-0000,eval,telecommunications,ar,ar,ar,question_answering,intermediate,PUBLIC_RULE_SUMMARY,ITU,https://www.itu.int/,ما الفرق بين مشغل الشبكة المتنقلة الافتراضي (MVNO) ومشغل الشبكة المتنقلة (MNO) من الناحية التنظيمية؟,مشغل الشبكة المتنقلة (MNO) هو شركة تمتلك بنيتها التحتية الخاصة وترخيص الطيف الترددي، وتتحمل المسؤولية الكاملة عن تشغيل الشبكة وجودة الخدمة. أما مشغل الشبكة المتنقلة الافتراضي (MVNO) فهو شركة تقدم خدمات الاتصالات للمستهلكين باستخدام بنية تحتية مستأجرة من مشغل شبكة أصلي بموجب اتفاقية جملة. من الناحية التنظيمية، يخضع المشغل الافتراضي لمتطلبات ترخيص مختلفة وأقل تعقيداً مقارنةً بالمشغل الأصلي، ولا يحتاج إلى ترخيص طيف ترددي. تختلف متطلبات ترخيص المشغلين الافتراضيين من دولة إلى أخرى في منطقة الخليج.,75,407,0.8721,0.9645,True,ad721b978348a4d0c0ccda37aedde3065e08028a25cce3b17ce339fbc580aa41,OK,,,,,,,,,,,,
seed4b-train-0026,train,gcc_banking,ar,ar,ar,question_answering,basic,PUBLIC_RULE_SUMMARY,Basel Committee on Banking Supervision,https://www.bis.org/bcbs/,ما الفرق بين رأس المال من الشريحة الأولى والشريحة الثانية في إطار بازل الثالث؟,رأس المال من الشريحة الأولى هو رأس المال الأساسي للبنك ويشمل حقوق المساهمين العادية والأرباح المحتجزة. يُعدّ الأكثر قدرة على استيعاب الخسائر لأنه متاح دائماً دون قيود أو استحقاق. أما رأس المال من الشريحة الثانية فيشمل الديون الثانوية وبعض الاحتياطيات الخاصة، وهو أقل قدرة على استيعاب الخسائر لأنه يستحق السداد ولا يُمتص إلا عند الإفلاس. لذلك تشترط بازل الثالث نسبة أعلى من الشريحة الأولى مقارنةً بالشريحة الثانية.,65,343,1.0,0.9885,True,fca590da1ee07eceec8d2f78e386596155009e4995e28466bac9304e2b3df8e4,OK,,,,,,,,,,,,
seed4b-train-0050,train,energy_logistics,ar,ar,ar,risk_identification,intermediate,ORIGINAL_SCENARIO,AgenThink Internal,https://github.com/agenthinkai/jupiter-shot,شركة لوجستية كويتية افتراضية تدرس التوسع في خدمات التخزين البارد. ما المخاطر الرئيسية؟,تشمل المخاطر الرئيسية لشركة لوجستية كويتية افتراضية تتوسع في التخزين البارد: أولاً: ارتفاع تكاليف الطاقة — تستهلك مرافق التبريد كميات كبيرة من الكهرباء في المناخ الخليجي الحار، مما يُشكّل عبئاً تشغيلياً ثابتاً يُؤثر على الهوامش. ثانياً: متطلبات الامتثال الغذائي — تخضع مرافق التخزين البارد لرقابة صارمة من الجهات الصحية والبلدية، وأي إخفاق في الامتثال قد يُفضي إلى إغلاق المنشأة. ثالثاً: مخاطر انقطاع التيار الكهربائي — أي انقطاع غير مخطط له قد يُتلف البضائع المخزنة ويُعرّض الشركة لمطالبات تعويض. رابعاً: التنافسية — دخول مشغلين دوليين كبار قد يُضغط على الأسعار ويُقلّص الحصة السوقية. ملاحظة: هذا سيناريو افتراضي لأغراض التدريب.,73,517,0.9865,0.9718,True,450fbcd5d279ec8e613f47daf07a3db0a734fa7c91a582855e867e82489dc047,OK,,,,,,,,,,,,
seed4b-eval-0009,eval,energy_logistics,ar-en,en,ar-en,arabic_english_translation,basic,TRANSLATION_OR_CORRESPONDENCE,AgenThink Internal,https://github.com/agenthinkai/jupiter-shot,Translate the energy term 'Upstream Oil Operations' into Arabic and explain how it differs from midstream and downstream.,"الترجمة: عمليات النفط الأولية (المنبع النفطي).

التعريف بالعربية: تشمل عمليات المنبع النفطي مراحل الاستكشاف والحفر والإنتاج واستخراج النفط والغاز الخام من باطن الأرض أو قاع البحر.

Distinction from other stages:
Upstream: Exploration, drilling, and production of crude oil and natural gas.
Midstream: Transportation, storage, and processing of crude oil and natural gas.
Downstream: Refining crude oil into petroleum products and distributing to end users.",0,147,0.0,0.3693,True,60775488c46a2b0782e7819b23d8873f4358ffdbdf0dfe1d6dbbe011b3ff2fcf,OK,,,,,,,,,,,,
seed4b-train-0048,train,energy_logistics,en,en,en,risk_identification,advanced,ORIGINAL_SCENARIO,AgenThink Internal,https://github.com/agenthinkai/jupiter-shot,What are the primary supply chain risks for a fictional GCC petrochemical company exporting to Asian markets?,"Primary supply chain risks for a fictional GCC petrochemical exporter to Asia: (1) Shipping lane disruption: Geopolitical tensions in the Strait of Hormuz or the Red Sea can delay tanker voyages and increase insurance costs. (2) Demand volatility: Asian petrochemical demand is sensitive to Chinese economic cycles; a slowdown in Chinese manufacturing reduces offtake volumes. (3) Port congestion: Major Asian ports periodically experience significant delays that increase inventory carrying costs and disrupt delivery schedules. (4) Feedstock price risk: Naphtha and ethane price movements affect production economics and can compress margins when product prices do not adjust proportionally. (5) Regulatory risk: Evolving environmental standards in importing countries may require product reformulation or certification, adding cost and lead time. Note: This analysis uses a fictional company for training purposes.",0,0,0.0,0.0,True,8653b5b210074c39cbcac9cd6f00686a632d7d286bac07f18895a78f24da4f6a,OK,,,,,,,,,,,,
seed4b-train-0037,train,telecommunications,en,en,en,hallucination_resistance,basic,SAFETY_OR_REFUSAL,AgenThink Internal,https://github.com/agenthinkai/jupiter-shot,What is the current 5G network coverage percentage in Kuwait?,"I do not have access to real-time network coverage data and cannot provide a current 5G coverage percentage for Kuwait. Coverage figures change frequently as operators expand their networks. For accurate, up-to-date information, please consult the official websites of Zain Kuwait, Ooredoo Kuwait, and STC Kuwait, or the CITRA regulator. Providing an invented figure could mislead infrastructure or investment decisions.",0,0,0.0,0.0,True,ef1509e3b713f759f43a19221b6fa0d7ac26275d92d1ba53c79bb9c7d9c36dc3,OK,,,,,,,,,,,,
seed4b-train-0047,train,energy_logistics,ar,ar,ar,question_answering,basic,PUBLIC_RULE_SUMMARY,Kuwait Petroleum Corporation,https://www.kpc.com.kw/,ما دور مؤسسة البترول الكويتية في قطاع الطاقة الكويتي وما شركاتها التابعة الرئيسية؟,مؤسسة البترول الكويتية (KPC) هي الشركة القابضة الحكومية المسؤولة عن إدارة قطاع النفط والغاز في الكويت. تُدير المؤسسة سلسلة القيمة الكاملة من خلال شركاتها التابعة الرئيسية: شركة نفط الكويت (KOC) للاستكشاف والإنتاج، وشركة البترول الوطنية الكويتية (KNPC) للتكرير، وشركة الناقلات البترولية الكويتية (KOTC) للنقل البحري، وشركة البترول الكويتية الدولية (KPI) للتسويق الدولي. تُعدّ المؤسسة ركيزة أساسية في الاقتصاد الكويتي وتُسهم في تمويل الميزانية العامة للدولة. تستند هذه المعلومات إلى البيانات المتاحة للعموم.,70,402,1.0,0.9263,True,594ff2f4cae7cb25ee2deca8318090a0d7fd69f86cef8e67a7dbd87510bf6395,OK,,,,,,,,,,,,
seed4b-train-0045,train,government_regulation,en,en,en,hallucination_resistance,basic,SAFETY_OR_REFUSAL,AgenThink Internal,https://github.com/agenthinkai/jupiter-shot,What is the exact penalty for a company that violates Kuwait's data protection law?,"Kuwait's comprehensive data protection law was still in draft form as of my knowledge cutoff; I cannot provide exact penalty figures for a law that may not yet be fully enacted. The applicable penalties and enforcement mechanisms depend on the final enacted text. For authoritative and current information, please consult CITRA or a licensed Kuwaiti legal practitioner who can advise on the current status and applicable requirements. Providing invented penalty figures could mislead compliance decisions.",0,0,0.0,0.0,True,f65de898113c4d6e3e216d227148c157b6d29bb69ba0062ec49eb0519eff3cf2,OK,,,,,,,,,,,,
seed4b-eval-0015,eval,arabic_english_correspondence,ar-en,ar,ar-en,arabic_english_translation,advanced,TRANSLATION_OR_CORRESPONDENCE,AgenThink Internal,https://github.com/agenthinkai/jupiter-shot,"Translate this formal Arabic board resolution excerpt into precise English:
«قرر مجلس الإدارة بالإجماع تفويض الرئيس التنفيذي بالتوقيع على اتفاقية الشراكة مع الطرف الثاني، وذلك وفق الشروط والأحكام المعتمدة في هذا الاجتماع.»","Translation: 'The Board of Directors resolved unanimously to authorise the Chief Executive Officer to execute the partnership agreement with the second party, in accordance with the terms and conditions approved at this meeting.'

Translation note: The Arabic 'بالإجماع' (unanimously) and 'وفق الشروط والأحكام المعتمدة' (in accordance with the approved terms and conditions) are legally significant phrases that have been preserved precisely in the English translation. In formal legal documents, 'تفويض' is rendered as 'authorise' rather than 'delegate' to reflect the full scope of the authority granted.",122,38,0.6354,0.0728,True,087b587b8af3c48ce1fa4aa5149290cc40eaeef8386ec6662ba38f07667b2cf0,OK,,,,,,,,,,,,
seed4b-eval-0004,eval,government_regulation,ar,ar,ar,question_answering,intermediate,PUBLIC_RULE_SUMMARY,Kuwait Ministry of Commerce,https://www.moci.gov.kw/,ما متطلبات تسجيل الشركات الأجنبية في الكويت وفق وزارة التجارة والصناعة؟,تستلزم تسجيل الشركات الأجنبية في الكويت استيفاء عدة متطلبات رئيسية: أولاً: تقديم طلب الترخيص التجاري مع المستندات التأسيسية المعتمدة والمصادق عليها. ثانياً: تعيين وكيل تجاري كويتي في بعض القطاعات وفق متطلبات قانون الوكالات التجارية. ثالثاً: الحصول على موافقة الجهات الرقابية المختصة حسب طبيعة النشاط التجاري. رابعاً: الالتزام بنسب الكويتة في التوظيف المحددة بموجب اللوائح العمالية. تتفاوت المتطلبات بحسب هيكل الملكية والقطاع والنشاط. يُنصح بمراجعة الموقع الرسمي لوزارة التجارة والصناعة للاطلاع على الإجراءات المحدّثة.,61,434,1.0,0.9753,True,3453c4ce2928f78f8da44fd7eb0d1e2ef346ec62969d515db74a31b97291167e,OK,,,,,,,,,,,,
seed4b-eval-0007,eval,energy_logistics,en,en,en,question_answering,intermediate,PUBLIC_RULE_SUMMARY,IEA,https://www.iea.org/,What role are GCC sovereign wealth funds playing in energy transition investment?,"GCC sovereign wealth funds are increasingly allocating capital to renewable energy and energy transition assets, driven by three strategic rationales: (1) Diversification: Reducing dependence on hydrocarbon revenues by building a portfolio of assets that perform well in a low-carbon future. (2) Long-term return potential: Renewable energy assets offer stable, long-duration cash flows that match the long-term investment horizon of sovereign funds. (3) Managing energy transition risk: GCC economies face structural risk from the global shift away from fossil fuels; investing in the transition itself hedges this risk. Specific investment allocations vary by fund and are subject to change. For current data, please consult the relevant fund's official publications.",0,0,0.0,0.0,True,9ad3a0bb28123bad59aea16b2c55138c5b543258b844576fa1a6bff9a87abba2,OK,,,,,,,,,,,,
seed4b-train-0036,train,telecommunications,ar-en,en,ar-en,arabic_english_translation,intermediate,TRANSLATION_OR_CORRESPONDENCE,AgenThink Internal,https://github.com/agenthinkai/jupiter-shot,Translate the telecom regulatory term 'Spectrum Auction' into Arabic and provide a bilingual explanation of how it works.,"الترجمة: مزاد الطيف الترددي.

الشرح بالعربية: مزاد الطيف الترددي هو عملية تنافسية تُجريها هيئات تنظيم الاتصالات لتخصيص نطاقات ترددية لمشغلي الشبكات مقابل رسوم ترخيص، مما يضمن التوزيع الكفء للطيف الشحيح.

English explanation: A spectrum auction is a competitive process conducted by telecom regulators to allocate specific frequency bands to network operators in exchange for licence fees. Operators bid for the right to use designated spectrum for a defined period. This mechanism ensures efficient allocation of scarce radio spectrum and generates government revenue.",0,168,0.0,0.3436,True,8382b825292e98903259b4ea23f5fd89978b7f48b5120fe06ad46403ef9320df,OK,,,,,,,,,,,,
seed4b-train-0039,train,government_regulation,ar,ar,ar,regulatory_explanation,intermediate,PUBLIC_RULE_SUMMARY,Kuwait Central Tenders Committee,https://www.ctc.gov.kw/,ما الإطار التنظيمي الذي يحكم إجراءات المشتريات الحكومية في الكويت؟,تخضع المشتريات الحكومية في الكويت لأحكام قانون المناقصات العامة وتعديلاته، الذي تُشرف على تطبيقه الجهاز المركزي للمناقصات العامة. يُلزم القانون الجهات الحكومية بطرح المناقصات العامة للعقود التي تتجاوز حدوداً مالية محددة، مع منح أولوية للمنتجات والشركات الكويتية في بعض الحالات وفق نظام التفضيل المحلي. يُنصح بمراجعة النص الرسمي للقانون والتعاميم الصادرة عن الجهاز للاطلاع على الإجراءات المحدّثة.,57,336,1.0,0.9912,True,66e8c0d1ca17fd054766371e6d1ac125198cd79bc1c1bc341347252b352b9d54,OK,,,,,,,,,,,,
seed4b-train-0040,train,government_regulation,en,en,en,document_summarization,intermediate,PUBLIC_RULE_SUMMARY,Saudi PDPL,https://www.pdpl.gov.sa/,Summarise the key principles common to GCC data protection frameworks.,"GCC data protection frameworks share several common principles derived from international best practices: (1) Lawful basis: Personal data must be processed on a recognised lawful basis such as consent, contract, or legitimate interest. (2) Purpose limitation: Data collected for a specific purpose must not be used for incompatible purposes without additional consent. (3) Data minimisation: Only data necessary for the stated purpose should be collected. (4) Data subject rights: Individuals have rights to access, correct, and in some jurisdictions delete their personal data. (5) Cross-border transfer restrictions: Transfers to countries without adequate protection require specific safeguards. Saudi Arabia's PDPL, the UAE's Federal DPL, and Kuwait's draft data protection law each have jurisdiction-specific provisions. Legal counsel should be consulted for compliance in each country.",0,0,0.0,0.0,True,1aa23763e7f23dfb2be53f4d933430424171811ce23e058e8c101bfdcce8db78,OK,,,,,,,,,,,,
seed4b-train-0067,train,arabic_english_correspondence,ar-en,ar-en,ar-en,arabic_english_translation,advanced,TRANSLATION_OR_CORRESPONDENCE,AgenThink Internal,https://github.com/agenthinkai/jupiter-shot,"Translate this formal Arabic business phrase into English, preserving the formal register:
«نتشرف بتقديم عروضنا لخدماتكم الكريمة، ونأمل أن تجدوا فيها ما يلبّي تطلعاتكم.»","Translation: 'We are honoured to present our services for your esteemed consideration, and we hope you will find in them what meets your aspirations.'

Note on register: The Arabic phrase uses highly formal honorific language common in GCC business correspondence, including the honorific 'الكريمة' (esteemed) and the deferential 'نتشرف' (we are honoured). The English translation preserves the formal tone while adapting to standard English business letter conventions, which are somewhat less elaborate.",64,12,0.4354,0.0276,True,9e830cc988316af932cfccc2f721472b632de49a9e95d80dd734efd2d213c756,OK,,,,,,,,,,,,
seed4b-train-0062,train,arabic_english_correspondence,ar-en,en,ar,arabic_english_translation,intermediate,TRANSLATION_OR_CORRESPONDENCE,AgenThink Internal,https://github.com/agenthinkai/jupiter-shot,Translate the business phrase 'We look forward to a mutually beneficial partnership' into formal Arabic suitable for GCC business correspondence.,"الترجمة الرسمية: «نتطلع إلى شراكة مثمرة تعود بالنفع على الطرفين.»

في السياقات الرسمية الخليجية، يمكن استخدام صيغة أكثر رسمية وتوقيراً: «نأمل أن تكون هذه الشراكة نموذجاً للتعاون المثمر الذي يُحقق المصالح المشتركة لكلا الطرفين.»

Note: The formal Arabic register uses honorific language that is standard in GCC business correspondence and conveys respect for the relationship.",0,185,0.0,0.5728,True,67f75f8a78d6a4d8254ba06ea6504ba29c0fe4a90b5f64e2d9ad0bfd35aee1a7,OK,,,,,,,,,,,,
seed4b-train-0061,train,arabic_english_correspondence,en,en,en,formal_correspondence,basic,TRANSLATION_OR_CORRESPONDENCE,AgenThink Internal,https://github.com/agenthinkai/jupiter-shot,Write a formal English email politely declining a business proposal.,"Subject: RE: Business Proposal

Dear [Name],

Thank you for presenting your proposal and for the time you invested in preparing it. After careful consideration, we have decided not to proceed with this opportunity at this time. This decision reflects our current strategic priorities rather than any deficiency in your proposal.

We appreciate your interest in working with us and hope there may be opportunities to collaborate in the future.

Kind regards,
[Name] — [Title]",0,0,0.0,0.0,True,c7329c29e0a52bd2c37e706aba5cbdf4a8b4b0dbc559928dd0951c1a792c80ec,OK,,,,,,,,,,,,
seed4b-train-0034,train,telecommunications,en,en,en,risk_identification,advanced,ORIGINAL_SCENARIO,AgenThink Internal,https://github.com/agenthinkai/jupiter-shot,Identify the main commercial risks for a fictional GCC telecom operator expanding into enterprise managed IT services.,"Key commercial risks for a fictional GCC telecom expanding into enterprise managed services: (1) Margin compression: Enterprise managed services require significant upfront investment in skilled personnel and infrastructure, with longer sales cycles than consumer services. (2) Integration complexity: Connecting legacy telecom network infrastructure with cloud-native enterprise platforms creates technical debt and delivery risk. (3) Competition from global system integrators: Established players such as Accenture, IBM, and regional integrators may outbid on large enterprise contracts. (4) Talent scarcity: Skilled enterprise IT architects and project managers are in short supply across the GCC, limiting delivery capacity. (5) Revenue concentration: Dependence on a small number of government enterprise clients creates revenue volatility if contract renewals are delayed or lost. Note: This analysis uses a fictional operator for training purposes.",0,0,0.0,0.0,True,76aafdccd141784f6ec300b32eb6d1202ea5f2c13ae6da1d7fb859277e4a687f,OK,,,,,,,,,,,,
seed4b-train-0046,train,energy_logistics,en,en,en,executive_briefing,intermediate,PUBLIC_RULE_SUMMARY,Qatar Energy,https://www.qatarenergy.qa/,Provide a brief executive briefing on the strategic importance of the GCC's LNG export capacity for global energy security.,"The GCC region, led by Qatar as one of the world's largest LNG exporters, plays a critical role in global energy security by providing long-term supply contracts to European and Asian buyers. Qatar's North Field expansion programme is expected to increase global LNG supply capacity significantly over the coming decade. For GCC governments, LNG export revenue provides a more stable income stream than crude oil because of the long-term nature of LNG supply contracts. This revenue supports sovereign wealth fund accumulation and economic diversification. Specific production volumes and expansion timelines should be verified against current data from Qatar Energy or the International Energy Agency.",0,0,0.0,0.0,True,eec02c15dfe3387d409ffd142a6e96a49e1e14705c8ca7a8942228f0137ec71b,OK,,,,,,,,,,,,
seed4b-train-0038,train,telecommunications,ar,ar,ar,regulatory_explanation,advanced,PUBLIC_RULE_SUMMARY,UAE TRA,https://www.tra.gov.ae/,ما الإطار التنظيمي الذي يحكم قطاع الاتصالات في الإمارات العربية المتحدة وما دور هيئة تنظيم الاتصالات؟,تُنظّم هيئة تنظيم الاتصالات والحكومة الرقمية (TRA) قطاع الاتصالات في الإمارات. تضطلع الهيئة بثلاث وظائف تنظيمية رئيسية: أولاً: منح التراخيص لمشغلي الشبكات وتجديدها وفق شروط محددة. ثانياً: إدارة الطيف الترددي وتخصيصه بين المشغلين بما يضمن الاستخدام الأمثل. ثالثاً: حماية المستهلك من خلال تحديد معايير جودة الخدمة ومعالجة شكاوى المشتركين. يُلزم الإطار التنظيمي المشغلين بالامتثال لمتطلبات الاعتراض القانوني وحماية بيانات المستهلكين. يُنصح بمراجعة الموقع الرسمي للهيئة للاطلاع على أحدث اللوائح.,86,408,1.0,0.9645,True,1de3302abd4431af3f0724fd12785303133a3a6f3072809ea645a8d7bea2f090,OK,,,,,,,,,,,,
seed4b-train-0059,train,executive_decision,ar,ar,ar,question_answering,advanced,ORIGINAL_SCENARIO,AgenThink Internal,https://github.com/agenthinkai/jupiter-shot,شركة استثمارية كويتية افتراضية تدرس الاستحواذ على شركة تقنية ناشئة. ما الاعتبارات الرئيسية للتقييم؟,في تقييم استحواذ شركة استثمارية كويتية افتراضية على شركة تقنية ناشئة، تبرز أربعة اعتبارات رئيسية: أولاً: التقييم في غياب أرباح مستقرة — يتطلب نماذج تقييم متخصصة كمضاعفات الإيرادات أو قيمة المستخدم، لا نموذج التدفقات النقدية المخصومة التقليدي. ثانياً: الفجوة التقنية — تقييم مدى توافق التقنية مع استراتيجية المستحوذ وقدرته على دمجها. ثالثاً: الاحتفاظ بالكوادر — ضمان بقاء الفريق المؤسس والكفاءات التقنية الرئيسية بعد الاستحواذ من خلال حوافز مناسبة. رابعاً: الإطار التنظيمي — التحقق من متطلبات الموافقات التنظيمية في الكويت وأي قيود على الملكية الأجنبية. ملاحظة: هذا سيناريو افتراضي لأغراض التدريب.,85,492,0.9884,0.9704,True,a7fea01db952c6367041bdc681263e6194fb3408c749133779ae370e7b2039c2,OK,,,,,,,,,,,,
seed4b-eval-0012,eval,executive_decision,ar-en,en,ar-en,formal_correspondence,intermediate,TRANSLATION_OR_CORRESPONDENCE,AgenThink Internal,https://github.com/agenthinkai/jupiter-shot,Draft a short bilingual (Arabic and English) executive summary for a Sukuk issuance announcement.,"AR: ملخص تنفيذي — إصدار صكوك
تُعلن [الشركة] عن إصدار صكوك إجارة بقيمة إجمالية تبلغ [المبلغ]، بعائد سنوي قدره [النسبة]%، وأجل استحقاق [المدة] سنوات. حصل الإصدار على موافقة الهيئة الشرعية وتصنيف ائتماني [التصنيف]. تُستخدم العائدات لتمويل [المشروع].

EN: Executive Summary — Sukuk Issuance
[Company] announces the issuance of Ijarah Sukuk totalling [Amount], with an annual profit rate of [Rate]% and a maturity of [Tenor] years. The issuance has received Sharia board approval and a credit rating of [Rating]. Proceeds will finance [Project].

Note: Bracketed fields are placeholders; this is a training template only.",0,190,0.0,0.3598,True,d18a9baa4324c7fca00a87d25a280bd4472e5304672613a935533994cff87319,OK,,,,,,,,,,,,
